<?xml version="1.0" encoding="UTF-8" standalone="yes"?>
<SharedFlowBundle revision="2" name="adex-dummy-shared-flow">
    <ConfigurationVersion majorVersion="4" minorVersion="0"/>
    <CreatedAt>1617722316447</CreatedAt>
    <CreatedBy>mkerry@fas.harvard.edu</CreatedBy>
    <Description>for testing management api</Description>
    <DisplayName>adex-dummy-shared-flow</DisplayName>
    <LastModifiedAt>1617722316447</LastModifiedAt>
    <LastModifiedBy>mkerry@fas.harvard.edu</LastModifiedBy>
    <ManifestVersion>SHA-512:f9ec561eba70e29c6e7e94bd6ff18cb849cbf0559f3e8e53eb3c1bf775d97a32a55fccb37d0988a0d6fc9472ed39c4373850750061a23bca28bbd36da6a60c00</ManifestVersion>
    <Policies>
        <Policy>adex-dummy-assign-message-policy</Policy>
    </Policies>
    <Resources/>
    <Spec></Spec>
    <subType>SharedFlow</subType>
    <SharedFlows>
        <SharedFlow>default</SharedFlow>
    </SharedFlows>
</SharedFlowBundle>
