<?xml version="1.0" encoding="UTF-8" standalone="yes"?>
<Manifest name="manifest">
    <Policies>
        <VersionInfo resourceName="adex-dummy-assign-message-policy" version="SHA-512:c665cabc2f71ab81b57efe7f17537503e2aef4c15663d5839b11e64fe34e8db1808a5fc0b00f9d080b0338920e085a56b5e41df7968d0bc0efb4ff8c9645b220"/>
    </Policies>
    <ProxyEndpoints/>
    <Resources/>
    <SharedFlows>
        <VersionInfo resourceName="default" version="SHA-512:5e7b1729eccf6e2046c8551f88132ae3778e5571bd1d3d341552a5f5b4a12a78acef65fa6495280d2b14ec92adf03089ffaccaef688130d68df1f50f743c988a"/>
    </SharedFlows>
    <TargetEndpoints/>
</Manifest>
