<?xml version="1.0" encoding="UTF-8" standalone="yes"?>
<Manifest name="manifest">
    <Policies>
        <VersionInfo resourceName="ats-dummy-shared-flow" version="SHA-512:bfb3a9829694d8e4620354a8a6f697d6110ac9a4a742b7bb7a552a2ce38083d528d1356053c96cb1aa89b663d9e3119b2b1a72639e31a8173c60806147f5d4ee"/>
    </Policies>
    <ProxyEndpoints/>
    <Resources/>
    <SharedFlows>
        <VersionInfo resourceName="default" version="SHA-512:35554b21de2584dc22bb131a5949ae88a8290fe8d47e4ce6f076c20e3a3c7b210fc020090fb5a8b10ab64c940ca0371c33244f2f85ee266f5e34820e6dbdd64d"/>
    </SharedFlows>
    <TargetEndpoints/>
</Manifest>
