<?xml version="1.0" encoding="UTF-8" standalone="yes"?>
<SharedFlowBundle revision="1" name="ats-dummy-shared-flow">
    <ConfigurationVersion majorVersion="4" minorVersion="0"/>
    <CreatedAt>1617800947243</CreatedAt>
    <CreatedBy>mkerry@fas.harvard.edu</CreatedBy>
    <Description>for testing of management apis</Description>
    <DisplayName>ats-dummy-shared-flow</DisplayName>
    <LastModifiedAt>1617801000366</LastModifiedAt>
    <LastModifiedBy>mkerry@fas.harvard.edu</LastModifiedBy>
    <ManifestVersion>SHA-512:cd53c52ed143a2fd2b945af45c47dd43dc54f0ad48b58ba891dbc627730497b67aff315ce94b9ac7e074d02f1d873e70cd1d77e89971d1c39e39594edda7290b</ManifestVersion>
    <Policies>
        <Policy>ats-dummy-shared-flow</Policy>
    </Policies>
    <Resources/>
    <Spec></Spec>
    <subType>SharedFlow</subType>
    <SharedFlows>
        <SharedFlow>default</SharedFlow>
    </SharedFlows>
</SharedFlowBundle>
